,experiment
G343_Watkins07_AVR_r17115_B_D0-SIV_RNA1_Lib1_GL102_S41_nohmrRNA_noglobinLog,30937420
G276_Watkins07_Unvax_r17103_B_D7-SIV_RNA1_Lib1_GL104_S87_nohmrRNA_noglobinLog,40210188
G209_Watkins07_AVR_r08014_B_D168_RNA1_Lib1_GL105_S60_nohmrRNA_noglobinLog,60334129
G279_Watkins07_Unvax_r17039_B_D0-SIV_RNA1_Lib1_GL102_S70_nohmrRNA_noglobinLog,40306333
G280_Watkins07_Unvax_r17103_B_D10-SIV_RNA1_Lib1_GL102_S101_nohmrRNA_noglobinLog,42338126
G278_Watkins07_AVR_r17017_B_D0-SIV_RNA1_Lib1_GL104_S33_nohmrRNA_noglobinLog,42716988
G281_Watkins07_Unvax_r18067_B_D10-SIV_RNA1_Lib1_GL104_S59_nohmrRNA_noglobinLog,41824676
G282_Watkins07_AVR_r17017_B_D3-SIV_RNA1_Lib1_GL102_S50_nohmrRNA_noglobinLog,41258687
G283_Watkins07_Unvax_r17039_B_D3-SIV_RNA1_Lib1_GL102_S89_nohmrRNA_noglobinLog,38834596
G284_Watkins07_Unvax_r17103_B_D14-SIV_RNA1_Lib1_GL104_S38_nohmrRNA_noglobinLog,37822756
G286_Watkins07_AVR_r17017_B_D7-SIV_RNA1_Lib1_GL104_S93_nohmrRNA_noglobinLog,44877329
G344_Watkins07_AVR_r17115_B_D3-SIV_RNA1_Lib1_GL102_S76_nohmrRNA_noglobinLog,29827955
G285_Watkins07_Unvax_r18067_B_D14-SIV_RNA1_Lib1_GL104_S34_nohmrRNA_noglobinLog,42932478
G210_Watkins07_AVR_r14065_B_D168_RNA2_Lib1_GL104_S2_nohmrRNA_noglobinLog,38188379
G287_Watkins07_Unvax_r17039_B_D7-SIV_RNA1_Lib1_GL102_S73_nohmrRNA_noglobinLog,35936993
G289_Watkins07_Unvax_r17039_B_D10-SIV_RNA3_Lib1_GL102_S21_nohmrRNA_noglobinLog,39987360
G288_Watkins07_AVR_r17017_B_D10-SIV_RNA1_Lib1_GL102_S64_nohmrRNA_noglobinLog,31408602
G292_Watkins07_Unvax_r12048_B_D0-SIV_RNA1_Lib1_GL104_S68_nohmrRNA_noglobinLog,46363950
G290_Watkins07_AVR_r17017_B_D14-SIV_RNA1_Lib1_GL105_S59_nohmrRNA_noglobinLog,50192438
G291_Watkins07_Unvax_r17039_B_D14-SIV_RNA1_Lib1_GL102_S15_nohmrRNA_noglobinLog,38384288
G295_Watkins07_AVR_rh3032_B_D0-SIV_RNA1_Lib1_GL104_S47_nohmrRNA_noglobinLog,39087331
G346_Watkins07_AVR_r17115_B_D10-SIV_RNA1_Lib1_GL104_S95_nohmrRNA_noglobinLog,42073613
G294_Watkins07_Unvax_r12048_B_D7-SIV_RNA1_Lib1_GL105_S69_nohmrRNA_noglobinLog,52729373
G293_Watkins07_Unvax_r12048_B_D3-SIV_RNA1_Lib1_GL102_S27_nohmrRNA_noglobinLog,35561086
G345_Watkins07_AVR_r17115_B_D7-SIV_RNA1_Lib1_GL104_S66_nohmrRNA_noglobinLog,38058894
G296_Watkins07_AVR_rh3033_B_D0-SIV_RNA1_Lib1_GL102_S66_nohmrRNA_noglobinLog,34682411
G298_Watkins07_AVR_rh3032_B_D3-SIV_RNA1_Lib1_GL104_S31_nohmrRNA_noglobinLog,42430371
G297_Watkins07_Unvax_r12048_B_D10-SIV_RNA1_Lib1_GL105_S71_nohmrRNA_noglobinLog,44676669
G211_Watkins07_AVR_r16007_B_D168_RNA1_Lib1_GL102_S105_nohmrRNA_noglobinLog,51850442
G300_Watkins07_Unvax_r05035_B_D0-SIV_RNA1_Lib1_GL105_S80_nohmrRNA_noglobinLog,46703074
G299_Watkins07_AVR_rh3033_B_D3-SIV_RNA1_Lib1_GL104_S54_nohmrRNA_noglobinLog,44225354
G301_Watkins07_Unvax_r05035_B_D3-SIV_RNA1_Lib1_GL102_S61_nohmrRNA_noglobinLog,36379408
G304_Watkins07_Unvax_r05035_B_D14-SIV_RNA1_Lib1_GL104_S64_nohmrRNA_noglobinLog,46590001
G303_Watkins07_Unvax_r05035_B_D10-SIV_RNA1_Lib1_GL104_S77_nohmrRNA_noglobinLog,58964447
G302_Watkins07_Unvax_r05035_B_D7-SIV_RNA1_Lib1_GL104_S101_nohmrRNA_noglobinLog,38644414
G307_Watkins07_Unvax_r14010_B_D3-SIV_RNA1_Lib2_GL105_S92_nohmrRNA_noglobinLog,35554064
G349_Watkins07_Unvax_r18066_B_D3-SIV_RNA1_Lib1_GL104_S39_nohmrRNA_noglobinLog,45041507
G306_Watkins07_Unvax_r14010_B_D0-SIV_RNA1_Lib1_GL102_S71_nohmrRNA_noglobinLog,45645627
G305_Watkins07_Unvax_r12048_B_D14-SIV_RNA1_Lib1_GL104_S11_nohmrRNA_noglobinLog,34275683
G308_Watkins07_Unvax_r14010_B_D7-SIV_RNA1_Lib1_GL104_S44_nohmrRNA_noglobinLog,37236858
G309_Watkins07_Unvax_r14010_B_D10-SIV_RNA1_Lib1_GL104_S57_nohmrRNA_noglobinLog,45673634
G310_Watkins07_Unvax_r14010_B_D14-SIV_RNA1_Lib1_GL102_S99_nohmrRNA_noglobinLog,44320875
G312_Watkins07_AVR_r14065_B_D4-SIV_RNA1_Lib1_GL102_S96_nohmrRNA_noglobinLog,40260429
G311_Watkins07_AVR_r14065_B_D0-SIV_RNA1_Lib1_GL105_S95_nohmrRNA_noglobinLog,46730221
G313_Watkins07_AVR_r14065_B_D7-SIV_RNA1_Lib1_GL102_S80_nohmrRNA_noglobinLog,47177358
G212_Watkins07_AVR_r17017_B_D168_RNA1_Lib1_GL102_S86_nohmrRNA_noglobinLog,42053598
G386_Watkins07_Unvax_rh2861_B_D10-SIV_RNA1_Lib1_GL104_S30_nohmrRNA_noglobinLog,38856274
G316_Watkins07_Unvax_r14095_B_D0-SIV_RNA1_Lib1_GL102_S75_nohmrRNA_noglobinLog,37828492
G348_Watkins07_Unvax_r18066_B_D0-SIV_RNA1_Lib1_GL105_S89_nohmrRNA_noglobinLog,48244597
G315_Watkins07_AVR_r14065_B_D14-SIV_RNA1_Lib1_GL105_S77_nohmrRNA_noglobinLog,53305914
G314_Watkins07_AVR_r14065_B_D10-SIV_RNA1_Lib1_GL102_S102_nohmrRNA_noglobinLog,48245223
G347_Watkins07_AVR_r17115_B_D14-SIV_RNA1_Lib1_GL104_S83_nohmrRNA_noglobinLog,47985209
G317_Watkins07_Unvax_r14095_B_D3-SIV_RNA1_Lib1_GL104_S49_nohmrRNA_noglobinLog,41042643
G319_Watkins07_Unvax_r14095_B_D10-SIV_RNA1_Lib1_GL102_S82_nohmrRNA_noglobinLog,42671526
G318_Watkins07_Unvax_r14095_B_D7-SIV_RNA1_Lib1_GL105_S62_nohmrRNA_noglobinLog,51700180
G320_Watkins07_Unvax_r14095_B_D14-SIV_RNA1_Lib1_GL104_S103_nohmrRNA_noglobinLog,39816205
G322_Watkins07_Unvax_r15057_B_D4-SIV_RNA1_Lib1_GL102_S8_nohmrRNA_noglobinLog,44450700
G321_Watkins07_Unvax_r15057_B_D0-SIV_RNA1_Lib1_GL104_S104_nohmrRNA_noglobinLog,40997567
G323_Watkins07_Unvax_r15057_B_D7-SIV_RNA1_Lib1_GL102_S103_nohmrRNA_noglobinLog,41076354
G324_Watkins07_Unvax_r15057_B_D10-SIV_RNA1_Lib1_GL104_S17_nohmrRNA_noglobinLog,46684695
G325_Watkins07_Unvax_r15057_B_D14-SIV_RNA1_Lib1_GL102_S69_nohmrRNA_noglobinLog,38369590
G326_Watkins07_Unvax_r15093_B_D0-SIV_RNA1_Lib1_GL102_S87_nohmrRNA_noglobinLog,40679225
G350_Watkins07_Unvax_r18066_B_D7-SIV_RNA1_Lib1_GL102_S60_nohmrRNA_noglobinLog,32682738
G327_Watkins07_Unvax_r15093_B_D3-SIV_RNA1_Lib1_GL102_S6_nohmrRNA_noglobinLog,77398774
G328_Watkins07_Unvax_r15093_B_D7-SIV_RNA1_Lib1_GL105_S75_nohmrRNA_noglobinLog,64814929
G331_Watkins07_AVR_r16007_B_D0-SIV_RNA1_Lib2_GL104_S98_nohmrRNA_noglobinLog,27164163
G329_Watkins07_Unvax_r15093_B_D10-SIV_RNA1_Lib1_GL102_S49_nohmrRNA_noglobinLog,36459000
G330_Watkins07_Unvax_r15093_B_D14-SIV_RNA1_Lib1_GL104_S89_nohmrRNA_noglobinLog,35121025
G213_Watkins07_AVR_r17115_B_D168_RNA1_Lib1_GL104_S25_nohmrRNA_noglobinLog,35834942
G333_Watkins07_AVR_r16007_B_D7-SIV_RNA1_Lib1_GL104_S52_nohmrRNA_noglobinLog,49049928
G334_Watkins07_AVR_r16007_B_D10-SIV_RNA1_Lib1_GL104_S86_nohmrRNA_noglobinLog,53111277
G332_Watkins07_AVR_r16007_B_D3-SIV_RNA1_Lib1_GL102_S95_nohmrRNA_noglobinLog,41834783
G336_Watkins07_Unvax_r17082_B_D-4-SIV_RNA1_Lib1_GL104_S28_nohmrRNA_noglobinLog,40586697
G387_Watkins07_Unvax_rh2861_B_D14-SIV_RNA1_Lib1_GL104_S76_nohmrRNA_noglobinLog,42765010
G335_Watkins07_AVR_r16007_B_D14-SIV_RNA1_Lib1_GL104_S81_nohmrRNA_noglobinLog,53100030
G337_Watkins07_Unvax_r17082_B_D10-SIV_RNA1_Lib1_GL104_S55_nohmrRNA_noglobinLog,46815686
G214_Watkins07_AVR_rh2932_B_D168_RNA1_Lib1_GL102_S7_nohmrRNA_noglobinLog,39778600
G352_Watkins07_Unvax_r18066_B_D13-SIV_RNA1_Lib1_GL104_S1_nohmrRNA_noglobinLog,37940684
G338_Watkins07_Unvax_r17100_B_D0-SIV_RNA1_Lib1_GL102_S47_nohmrRNA_noglobinLog,31624004
G351_Watkins07_Unvax_r18066_B_D10-SIV_RNA1_Lib1_GL102_S104_nohmrRNA_noglobinLog,44662047
G340_Watkins07_Unvax_r17100_B_D7-SIV_RNA1_Lib1_GL105_S74_nohmrRNA_noglobinLog,49746873
G339_Watkins07_Unvax_r17100_B_D4-SIV_RNA1_Lib1_GL104_S19_nohmrRNA_noglobinLog,47788706
G388_Watkins07_AVR_rh2932_B_D0-SIV_RNA1_Lib1_GL102_S57_nohmrRNA_noglobinLog,34815684
G341_Watkins07_Unvax_r17100_B_D10-SIV_RNA1_Lib1_GL102_S16_nohmrRNA_noglobinLog,41178154
G342_Watkins07_Unvax_r17100_B_D14-SIV_RNA1_Lib1_GL102_S43_nohmrRNA_noglobinLog,37767031
G215_Watkins07_AVR_rh2943_B_D168_RNA1_Lib1_GL104_S42_nohmrRNA_noglobinLog,35765124
G353_Watkins07_Unvax_rh2494_B_D0-SIV_RNA1_Lib1_GL102_S55_nohmrRNA_noglobinLog,38200748
G354_Watkins07_Unvax_rh2494_B_D3-SIV_RNA1_Lib1_GL104_S40_nohmrRNA_noglobinLog,36883200
G355_Watkins07_Unvax_rh2494_B_D7-SIV_RNA1_Lib1_GL102_S39_nohmrRNA_noglobinLog,39773726
G358_Watkins07_Unvax_rh2504_B_D0-SIV_RNA1_Lib1_GL105_S94_nohmrRNA_noglobinLog,49039911
G356_Watkins07_Unvax_rh2494_B_D11-SIV_RNA1_Lib1_GL105_S61_nohmrRNA_noglobinLog,54854572
G357_Watkins07_Unvax_rh2494_B_D14-SIV_RNA2_Lib1_GL102_S74_nohmrRNA_noglobinLog,43323072
G359_Watkins07_Unvax_rh2504_B_D3-SIV_RNA1_Lib1_GL102_S78_nohmrRNA_noglobinLog,35661286
G390_Watkins07_AVR_rh2932_B_D7-SIV_RNA1_Lib1_GL102_S46_nohmrRNA_noglobinLog,32072622
G360_Watkins07_Unvax_rh2504_B_D7-SIV_RNA1_Lib1_GL105_S90_nohmrRNA_noglobinLog,44308969
G361_Watkins07_Unvax_rh2504_B_D10-SIV_RNA1_Lib1_GL104_S80_nohmrRNA_noglobinLog,48964936
G362_Watkins07_Unvax_rh2504_B_D14-SIV_RNA1_Lib1_GL104_S8_nohmrRNA_noglobinLog,45020682
G364_Watkins07_Unvax_rh2527_B_D3-SIV_RNA1_Lib1_GL104_S63_nohmrRNA_noglobinLog,47753366
G391_Watkins07_AVR_rh2932_B_D10-SIV_RNA1_Lib1_GL105_S81_nohmrRNA_noglobinLog,48039120
G363_Watkins07_Unvax_rh2527_B_D0-SIV_RNA1_Lib1_GL104_S67_nohmrRNA_noglobinLog,46664987
G366_Watkins07_Unvax_rh2527_B_D10-SIV_RNA1_Lib1_GL104_S61_nohmrRNA_noglobinLog,44765542
G389_Watkins07_AVR_rh2932_B_D3-SIV_RNA1_Lib1_GL104_S78_nohmrRNA_noglobinLog,56307561
G367_Watkins07_Unvax_rh2527_B_D14-SIV_RNA1_Lib1_GL105_S76_nohmrRNA_noglobinLog,51397312
G365_Watkins07_Unvax_rh2527_B_D7-SIV_RNA1_Lib1_GL105_S82_nohmrRNA_noglobinLog,60305597
G368_Watkins07_Unvax_rh2756_B_D0-SIV_RNA1_Lib1_GL102_S3_nohmrRNA_noglobinLog,30954560
G369_Watkins07_Unvax_rh2756_B_D3-SIV_RNA1_Lib1_GL102_S9_nohmrRNA_noglobinLog,37136467
G370_Watkins07_Unvax_rh2756_B_D7-SIV_RNA1_Lib1_GL104_S9_nohmrRNA_noglobinLog,41483861
G373_Watkins07_Unvax_rh2810_B_D0-SIV_RNA1_Lib1_GL105_S86_nohmrRNA_noglobinLog,41209572
G372_Watkins07_Unvax_rh2756_B_D14-SIV_RNA1_Lib1_GL104_S48_nohmrRNA_noglobinLog,46632223
G371_Watkins07_Unvax_rh2756_B_D10-SIV_RNA1_Lib1_GL105_S68_nohmrRNA_noglobinLog,56238414
G216_Watkins07_AVR_rh3006_B_D168_RNA1_Lib1_GL102_S11_nohmrRNA_noglobinLog,37164351
G375_Watkins07_Unvax_rh2810_B_D7-SIV_RNA1_Lib1_GL104_S20_nohmrRNA_noglobinLog,39046052
G376_Watkins07_Unvax_rh2810_B_D10-SIV_RNA1_Lib1_GL102_S63_nohmrRNA_noglobinLog,36920169
G374_Watkins07_Unvax_rh2810_B_D3-SIV_RNA1_Lib1_GL104_S15_nohmrRNA_noglobinLog,39744037
G378_Watkins07_Unvax_rh2848_B_D0-SIV_RNA1_Lib1_GL104_S29_nohmrRNA_noglobinLog,36609106
G379_Watkins07_Unvax_rh2848_B_D3-SIV_RNA1_Lib1_GL102_S17_nohmrRNA_noglobinLog,35499519
G377_Watkins07_Unvax_rh2810_B_D14-SIV_RNA1_Lib1_GL102_S56_nohmrRNA_noglobinLog,41691949
G380_Watkins07_Unvax_rh2848_B_D7-SIV_RNA1_Lib1_GL104_S32_nohmrRNA_noglobinLog,38230050
G392_Watkins07_AVR_rh2932_B_D14-SIV_RNA1_Lib1_GL102_S90_nohmrRNA_noglobinLog,37851547
G382_Watkins07_Unvax_rh2848_B_D14-SIV_RNA1_Lib1_GL102_S83_nohmrRNA_noglobinLog,39118253
G381_Watkins07_Unvax_rh2848_B_D10-SIV_RNA1_Lib1_GL104_S99_nohmrRNA_noglobinLog,41567735
G217_Watkins07_AVR_rh3011_B_D168_RNA1_Lib1_GL102_S31_nohmrRNA_noglobinLog,48902835
G384_Watkins07_Unvax_rh2861_B_D3-SIV_RNA1_Lib1_GL102_S40_nohmrRNA_noglobinLog,36273839
G383_Watkins07_Unvax_rh2861_B_D0-SIV_RNA1_Lib1_GL102_S29_nohmrRNA_noglobinLog,37524116
G385_Watkins07_Unvax_rh2861_B_D7-SIV_RNA1_Lib1_GL105_S83_nohmrRNA_noglobinLog,48133796
G394_Watkins07_AVR_rh2943_B_D3-SIV_RNA1_Lib1_GL104_S36_nohmrRNA_noglobinLog,46149042
G393_Watkins07_AVR_rh2943_B_D0-SIV_RNA1_Lib1_GL104_S60_nohmrRNA_noglobinLog,46975705
G397_Watkins07_AVR_rh2943_B_D14-SIV_RNA1_Lib1_GL102_S28_nohmrRNA_noglobinLog,38110440
G396_Watkins07_AVR_rh2943_B_D10-SIV_RNA1_Lib1_GL104_S79_nohmrRNA_noglobinLog,55550122
G395_Watkins07_AVR_rh2943_B_D7-SIV_RNA1_Lib1_GL104_S72_nohmrRNA_noglobinLog,44316572
G400_Watkins07_Unvax_rh2995_B_D10-SIV_RNA1_Lib1_GL102_S81_nohmrRNA_noglobinLog,36440548
G399_Watkins07_Unvax_rh2995_B_D3-SIV_RNA1_Lib1_GL104_S65_nohmrRNA_noglobinLog,42198907
G398_Watkins07_Unvax_rh2995_B_D0-SIV_RNA1_Lib1_GL102_S58_nohmrRNA_noglobinLog,37544621
G218_Watkins07_AVR_rh3032_B_D168_RNA1_Lib1_GL102_S62_nohmrRNA_noglobinLog,35612312
G404_Watkins07_Unvax_rh3000_B_D3-SIV_RNA1_Lib1_GL102_S48_nohmrRNA_noglobinLog,34428589
G403_Watkins07_Unvax_rh3000_B_D0-SIV_RNA1_Lib1_GL102_S42_nohmrRNA_noglobinLog,33633404
G401_Watkins07_Unvax_rh2995_B_D14-SIV_RNA1_Lib1_GL105_S67_nohmrRNA_noglobinLog,42330647
G219_Watkins07_AVR_rh3033_B_D168_RNA1_Lib1_GL104_S51_nohmrRNA_noglobinLog,41628960
G406_Watkins07_Unvax_rh3000_B_D10-SIV_RNA1_Lib1_GL102_S34_nohmrRNA_noglobinLog,32731913
G407_Watkins07_AVR_rh3006_B_D0-SIV_RNA2_Lib1_GL102_S38_nohmrRNA_noglobinLog,40489340
G405_Watkins07_Unvax_rh3000_B_D7-SIV_RNA1_Lib1_GL105_S64_nohmrRNA_noglobinLog,51911081
G220_Watkins07_AVR_rh3036_B_D168_RNA1_Lib1_GL104_S50_nohmrRNA_noglobinLog,37241579
G410_Watkins07_AVR_rh3006_B_D10-SIV_RNA1_Lib1_GL102_S20_nohmrRNA_noglobinLog,35685929
G221_Watkins07_AVR_rh3037_B_D168_RNA1_Lib1_GL105_S57_nohmrRNA_noglobinLog,45365397
G408_Watkins07_AVR_rh3006_B_D3-SIV_RNA1_Lib1_GL105_S65_nohmrRNA_noglobinLog,52503058
G409_Watkins07_AVR_rh3006_B_D7-SIV_RNA1_Lib1_GL104_S69_nohmrRNA_noglobinLog,50572127
G412_Watkins07_AVR_rh3011_B_D0-SIV_RNA2_Lib2_GL105_S78_nohmrRNA_noglobinLog,26872957
G222_Watkins07_AVR_rh3045_B_D168_RNA1_Lib1_GL102_S4_nohmrRNA_noglobinLog,36351928
G413_Watkins07_AVR_rh3011_B_D3-SIV_RNA1_Lib1_GL102_S93_nohmrRNA_noglobinLog,36773046
G411_Watkins07_AVR_rh3006_B_D14-SIV_RNA2_Lib1_GL104_S84_nohmrRNA_noglobinLog,52787521
G223_Watkins07_AVR_rh3048_B_D168_RNA1_Lib1_GL104_S53_nohmrRNA_noglobinLog,45387298
G415_Watkins07_AVR_rh3011_B_D10-SIV_RNA1_Lib1_GL104_S26_nohmrRNA_noglobinLog,38967060
G416_Watkins07_AVR_rh3011_B_D14-SIV_RNA1_Lib1_GL104_S90_nohmrRNA_noglobinLog,39268036
G414_Watkins07_AVR_rh3011_B_D7-SIV_RNA1_Lib1_GL102_S44_nohmrRNA_noglobinLog,36165033
G224_Watkins07_AVR_rh3053_B_D168_RNA1_Lib1_GL104_S23_nohmrRNA_noglobinLog,34247759
G419_Watkins07_Unvax_rh3013_B_D7-SIV_RNA1_Lib1_GL104_S37_nohmrRNA_noglobinLog,46600349
G225_Watkins07_AVR_r08014_B_D196_RNA1_Lib1_GL104_S96_nohmrRNA_noglobinLog,43074042
G417_Watkins07_Unvax_rh3013_B_D0-SIV_RNA1_Lib1_GL105_S66_nohmrRNA_noglobinLog,45911009
G420_Watkins07_Unvax_rh3013_B_D10-SIV_RNA1_Lib1_GL104_S14_nohmrRNA_noglobinLog,46002639
G226_Watkins07_AVR_r14065_B_D196_RNA1_Lib1_GL104_S102_nohmrRNA_noglobinLog,49958354
G422_Watkins07_AVR_rh3032_B_D7-SIV_RNA1_Lib1_GL104_S16_nohmrRNA_noglobinLog,32979112
G423_Watkins07_AVR_rh3032_B_D10-SIV_RNA1_Lib1_GL102_S19_nohmrRNA_noglobinLog,37769160
G421_Watkins07_Unvax_rh3013_B_D14-SIV_RNA1_Lib1_GL104_S7_nohmrRNA_noglobinLog,41203125
G227_Watkins07_AVR_r16007_B_D196_RNA1_Lib1_GL102_S77_nohmrRNA_noglobinLog,38169149
G425_Watkins07_AVR_rh3032_B_D7-SIV_RNA1_Lib2_GL105_S93_nohmrRNA_noglobinLog,34965381
G228_Watkins07_AVR_r17017_B_D196_RNA1_Lib1_GL105_S70_nohmrRNA_noglobinLog,43628090
G426_Watkins07_AVR_rh3033_B_D10-SIV_RNA1_Lib1_GL102_S88_nohmrRNA_noglobinLog,43273053
G424_Watkins07_AVR_rh3032_B_D14-SIV_RNA1_Lib1_GL102_S85_nohmrRNA_noglobinLog,45472676
G427_Watkins07_AVR_rh3033_B_D14-SIV_RNA1_Lib1_GL104_S4_nohmrRNA_noglobinLog,40078707
G229_Watkins07_AVR_r17115_B_D196_RNA1_Lib1_GL104_S105_nohmrRNA_noglobinLog,42453518
G429_Watkins07_AVR_rh3036_B_D3-SIV_RNA1_Lib1_GL102_S98_nohmrRNA_noglobinLog,56808750
G428_Watkins07_AVR_rh3036_B_D0-SIV_RNA1_Lib1_GL102_S36_nohmrRNA_noglobinLog,34011937
G230_Watkins07_AVR_rh2932_B_D196_RNA1_Lib1_GL102_S32_nohmrRNA_noglobinLog,41582414
G432_Watkins07_AVR_rh3036_B_D14-SIV_RNA1_Lib1_GL104_S41_nohmrRNA_noglobinLog,32059763
G431_Watkins07_AVR_rh3036_B_D10-SIV_RNA1_Lib1_GL102_S35_nohmrRNA_noglobinLog,39602367
G430_Watkins07_AVR_rh3036_B_D7-SIV_RNA1_Lib1_GL102_S67_nohmrRNA_noglobinLog,39838961
G231_Watkins07_AVR_rh2943_B_D196_RNA1_Lib1_GL105_S96_nohmrRNA_noglobinLog,53347359
G434_Watkins07_AVR_rh3037_B_D3-SIV_RNA1_Lib1_GL105_S58_nohmrRNA_noglobinLog,42667325
G232_Watkins07_AVR_rh3006_B_D196_RNA1_Lib1_GL105_S79_nohmrRNA_noglobinLog,47757264
G433_Watkins07_AVR_rh3037_B_D0-SIV_RNA1_Lib1_GL102_S92_nohmrRNA_noglobinLog,44936917
G435_Watkins07_AVR_rh3037_B_D7-SIV_RNA1_Lib1_GL104_S58_nohmrRNA_noglobinLog,45138694
G437_Watkins07_AVR_rh3037_B_D14-SIV_RNA1_Lib1_GL102_S30_nohmrRNA_noglobinLog,35963897
G233_Watkins07_AVR_rh3011_B_D196_RNA1_Lib1_GL105_S73_nohmrRNA_noglobinLog,49888305
G436_Watkins07_AVR_rh3037_B_D10-SIV_RNA1_Lib1_GL104_S88_nohmrRNA_noglobinLog,42123760
G438_Watkins07_AVR_rh3045_B_D0-SIV_RNA1_Lib1_GL105_S84_nohmrRNA_noglobinLog,44293338
G234_Watkins07_AVR_rh3032_B_D196_RNA1_Lib1_GL104_S22_nohmrRNA_noglobinLog,35453209
G439_Watkins07_AVR_rh3045_B_D3-SIV_RNA1_Lib1_GL102_S45_nohmrRNA_noglobinLog,30515988
G441_Watkins07_AVR_rh3045_B_D10-SIV_RNA1_Lib1_GL102_S24_nohmrRNA_noglobinLog,32976570
G440_Watkins07_AVR_rh3045_B_D7-SIV_RNA1_Lib1_GL104_S12_nohmrRNA_noglobinLog,37647952
G235_Watkins07_AVR_rh3033_B_D196_RNA1_Lib1_GL104_S85_nohmrRNA_noglobinLog,36699215
G444_Watkins07_AVR_rh3048_B_D3-SIV_RNA1_Lib1_GL104_S56_nohmrRNA_noglobinLog,39800442
G443_Watkins07_AVR_rh3048_B_D0-SIV_RNA1_Lib1_GL102_S91_nohmrRNA_noglobinLog,39779881
G442_Watkins07_AVR_rh3045_B_D14-SIV_RNA1_Lib1_GL102_S10_nohmrRNA_noglobinLog,33267992
G236_Watkins07_AVR_rh3036_B_D196_RNA1_Lib1_GL102_S37_nohmrRNA_noglobinLog,39063495
G447_Watkins07_AVR_rh3048_B_D14-SIV_RNA1_Lib1_GL104_S18_nohmrRNA_noglobinLog,39810676
G237_Watkins07_AVR_rh3037_B_D196_RNA1_Lib1_GL102_S68_nohmrRNA_noglobinLog,33456671
G446_Watkins07_AVR_rh3048_B_D10-SIV_RNA1_Lib1_GL104_S97_nohmrRNA_noglobinLog,47900162
G445_Watkins07_AVR_rh3048_B_D7-SIV_RNA1_Lib1_GL105_S88_nohmrRNA_noglobinLog,52331928
G448_Watkins07_AVR_rh3053_B_D-7-SIV_RNA1_Lib1_GL104_S35_nohmrRNA_noglobinLog,41499748
G238_Watkins07_AVR_rh3045_B_D196_RNA1_Lib1_GL104_S91_nohmrRNA_noglobinLog,41753111
G450_Watkins07_AVR_rh3053_B_D7-SIV_RNA1_Lib1_GL104_S46_nohmrRNA_noglobinLog,41060837
G449_Watkins07_AVR_rh3053_B_D3-SIV_RNA1_Lib1_GL104_S75_nohmrRNA_noglobinLog,41902363
G451_Watkins07_AVR_rh3053_B_D10-SIV_RNA1_Lib1_GL104_S70_nohmrRNA_noglobinLog,39671290
G239_Watkins07_AVR_rh3048_B_D196_RNA1_Lib1_GL102_S79_nohmrRNA_noglobinLog,35793053
G452_Watkins07_AVR_rh3053_B_D14-SIV_RNA1_Lib1_GL105_S91_nohmrRNA_noglobinLog,53161167
G453_Watkins07_AVR_rh3053_B_D0_RNA1_Lib1_GL104_S27_nohmrRNA_noglobinLog,43390628
G240_Watkins07_AVR_rh3053_B_D196_RNA1_Lib1_GL102_S18_nohmrRNA_noglobinLog,32400888
G454_Watkins07_Unvax_rh2995_B_D7_RNA1_Lib1_GL104_S92_nohmrRNA_noglobinLog,38272993
G455_Watkins07_AVR_rh3033_B_D7-SIV_RNA1_Lib1_GL105_S99_nohmrRNA_noglobinLog,49152806
G241_Watkins07_AVR_r08014_B_D224_RNA1_Lib1_GL105_S98_nohmrRNA_noglobinLog,47906672
G242_Watkins07_AVR_r14065_B_D224_RNA1_Lib1_GL102_S54_nohmrRNA_noglobinLog,33790546
G243_Watkins07_AVR_r16007_B_D224_RNA1_Lib1_GL102_S33_nohmrRNA_noglobinLog,33659082
G244_Watkins07_AVR_r17017_B_D224_RNA2_Lib1_GL102_S100_nohmrRNA_noglobinLog,46931950
G245_Watkins07_AVR_r17115_B_D224_RNA1_Lib1_GL102_S59_nohmrRNA_noglobinLog,35237642
G246_Watkins07_AVR_rh2932_B_D224_RNA1_Lib1_GL102_S2_nohmrRNA_noglobinLog,37690809
G247_Watkins07_AVR_rh2943_B_D224_RNA1_Lib1_GL104_S82_nohmrRNA_noglobinLog,31257733
G248_Watkins07_AVR_rh3006_B_D224_RNA1_Lib1_GL102_S22_nohmrRNA_noglobinLog,41886691
G249_Watkins07_AVR_rh3011_B_D224_RNA1_Lib1_GL102_S53_nohmrRNA_noglobinLog,36157669
G250_Watkins07_AVR_rh3032_B_D224_RNA1_Lib1_GL102_S84_nohmrRNA_noglobinLog,40874793
G251_Watkins07_AVR_rh3033_B_D224_RNA1_Lib1_GL102_S72_nohmrRNA_noglobinLog,42731974
G252_Watkins07_AVR_rh3036_B_D224_RNA1_Lib1_GL104_S3_nohmrRNA_noglobinLog,48946087
G253_Watkins07_AVR_rh3037_B_D224_RNA1_Lib1_GL104_S5_nohmrRNA_noglobinLog,41757685
G254_Watkins07_AVR_rh3045_B_D224_RNA1_Lib1_GL102_S52_nohmrRNA_noglobinLog,32834129
G255_Watkins07_AVR_rh3048_B_D224_RNA1_Lib1_GL102_S23_nohmrRNA_noglobinLog,30526996
G256_Watkins07_AVR_rh3053_B_D224_RNA1_Lib1_GL102_S12_nohmrRNA_noglobinLog,31602912
G257_Watkins07_AVR_r08014_B_D0-SIV_RNA1_Lib1_GL105_S85_nohmrRNA_noglobinLog,51502681
G258_Watkins07_Unvax_r15058_B_D0-SIV_RNA1_Lib1_GL104_S74_nohmrRNA_noglobinLog,38462072
G259_Watkins07_Unvax_r16003_B_D0-SIV_RNA1_Lib1_GL104_S94_nohmrRNA_noglobinLog,48943731
G260_Watkins07_AVR_r08014_B_D3-SIV_RNA1_Lib1_GL104_S10_nohmrRNA_noglobinLog,34299106
G261_Watkins07_Unvax_r15058_B_D3-SIV_RNA1_Lib1_GL104_S45_nohmrRNA_noglobinLog,40555241
G262_Watkins07_Unvax_r16003_B_D3-SIV_RNA1_Lib1_GL105_S72_nohmrRNA_noglobinLog,41706843
G263_Watkins07_AVR_r08014_B_D7-SIV_RNA1_Lib1_GL105_S56_nohmrRNA_noglobinLog,46745901
G264_Watkins07_Unvax_r15058_B_D7-SIV_RNA1_Lib1_GL104_S71_nohmrRNA_noglobinLog,47326027
G265_Watkins07_Unvax_r16003_B_D7-SIV_RNA1_Lib1_GL104_S24_nohmrRNA_noglobinLog,35369383
G266_Watkins07_Unvax_r17103_B_D0-SIV_RNA1_Lib1_GL102_S97_nohmrRNA_noglobinLog,41714453
G267_Watkins07_Unvax_r18067_B_D0-SIV_RNA1_Lib1_GL102_S1_nohmrRNA_noglobinLog,28819390
G268_Watkins07_AVR_r08014_B_D10-SIV_RNA1_Lib1_GL105_S87_nohmrRNA_noglobinLog,47251972
G269_Watkins07_Unvax_r15058_B_D10-SIV_RNA1_Lib1_GL102_S14_nohmrRNA_noglobinLog,34920683
G270_Watkins07_Unvax_r16003_B_D10-SIV_RNA1_Lib1_GL104_S6_nohmrRNA_noglobinLog,48813532
G271_Watkins07_Unvax_r17103_B_D3-SIV_RNA1_Lib1_GL102_S25_nohmrRNA_noglobinLog,45009674
G272_Watkins07_Unvax_r18067_B_D3-SIV_RNA1_Lib1_GL102_S5_nohmrRNA_noglobinLog,31082580
G273_Watkins07_AVR_r08014_B_D14-SIV_RNA1_Lib1_GL104_S62_nohmrRNA_noglobinLog,38257634
G274_Watkins07_Unvax_r15058_B_D14-SIV_RNA1_Lib1_GL104_S21_nohmrRNA_noglobinLog,38387796
G277_Watkins07_Unvax_r18067_B_D7-SIV_RNA1_Lib1_GL102_S65_nohmrRNA_noglobinLog,46470093
G275_Watkins07_Unvax_r16003_B_D14-SIV_RNA1_Lib1_GL102_S26_nohmrRNA_noglobinLog,35913773
